text,target,clean_text
"I'm always worried about money, and it's causing me a lot of stress.",0,always worried money causing stress
I'm struggling to make ends meet and pay my bills on time.,0,struggling make ends meet bills time
"I feel like I'm always living paycheck to paycheck, and I can't seem to save any money.",0,feel like always living paycheck paycheck seem save money
I'm worried that I'll never be able to pay off my debt and achieve financial stability.,0,worried never able debt achieve financial stability
I'm constantly feeling guilty about my spending habits and financial decisions.,0,constantly feeling guilty spending habits financial decisions
I'm afraid of losing my job or having a financial emergency that I can't handle.,0,afraid losing financial emergency handle
I'm struggling to find a balance between saving for the future and enjoying the present.,0,struggling find balance saving future enjoying present
I feel like I'm always behind in my financial goals and responsibilities.,0,feel like always behind financial goals responsibilities
I'm worried that I'll never be able to afford the things I really want or need.,0,worried never able afford things really want need
I'm constantly feeling stressed and anxious about my financial situation.,0,constantly feeling stressed anxious financial situation
I'm struggling to manage my money effectively and make smart financial decisions.,0,struggling manage money effectively make smart financial decisions
I'm worried that my financial stress is affecting my mental health and overall well-being.,0,worried financial stress affecting mental health overall well
I feel like I'm always sacrificing my own needs and wants to pay my bills and debts.,0,feel like always sacrificing needs wants bills debts
"I'm afraid of the potential consequences of my financial situation, such as eviction or bankruptcy.",0,afraid potential consequences financial situation eviction bankruptcy
I'm constantly worrying about unexpected expenses and how I'll be able to pay for them.,0,constantly worrying unexpected expenses able
I'm struggling to find ways to increase my income and improve my financial situation.,0,struggling find ways increase income improve financial situation
I feel like I'm always playing catch-up with my bills and debts.,0,feel like always playing catch bills debts
I'm worried that my financial stress is affecting my relationships with others.,0,worried financial stress affecting relationships others
I'm constantly feeling overwhelmed by my financial responsibilities and obligations.,0,constantly feeling overwhelmed financial responsibilities obligations
I'm struggling to find a way to save money and plan for the future.,0,struggling find save money plan future
I feel like I'm always making sacrifices and compromises in order to save money.,0,feel like always making sacrifices compromises order save money
I'm afraid of taking risks or investing in my future because of my financial stress.,0,afraid taking risks investing future financial stress
I'm worried that my financial stress is affecting my work performance and career.,0,worried financial stress affecting work performance career
I'm constantly feeling ashamed or embarrassed about my financial situation.,0,constantly feeling ashamed embarrassed financial situation
I'm struggling to find a way to break the cycle of financial stress and debt.,0,struggling find break cycle financial stress debt
I feel like I'm always lacking the resources and support I need to improve my financial situation.,0,feel like always lacking resources support need improve financial situation
I'm worried that my financial stress is affecting my ability to be a good parent or partner.,0,worried financial stress affecting ability good parent partner
I'm constantly feeling like I'm not in control of my financial situation.,0,constantly feeling like control financial situation
I'm struggling to find a way to reduce my debt and expenses.,0,struggling find reduce debt expenses
I feel like I'm always making sacrifices in my lifestyle and quality of life due to financial stress.,0,feel like always making sacrifices lifestyle quality life financial stress
I'm worried that I'll never be able to retire or have financial security in the future.,0,worried never able retire financial security future
I'm constantly feeling like I'm drowning in bills and expenses.,0,constantly feeling like drowning bills expenses
I'm struggling to find a way to stay motivated and positive about my financial situation.,0,struggling find stay motivated positive financial situation
I feel like I'm always missing out on opportunities or experiences because of my financial stress.,0,feel like always missing opportunities experiences financial stress
I'm worried that my financial stress is causing me to make poor financial decisions.,0,worried financial stress causing make poor financial decisions
I'm constantly feeling like I'm in a financial rut and can't seem to get ahead.,0,constantly feeling like financial seem ahead
I'm struggling to find a way to stay optimistic about my financial future.,0,struggling find stay optimistic financial future
I feel like I'm always living in fear of financial struggles and poverty.,0,feel like always living fear financial struggles poverty
I'm worried that my financial stress is affecting my physical health and well-being.,0,worried financial stress affecting physical health well
I'm constantly feeling like I'm on the verge of a financial crisis.,0,constantly feeling like verge financial crisis
I'm struggling to find a way to prioritize my financial goals and responsibilities.,0,struggling find prioritize financial goals responsibilities
I feel like my financial stress is affecting my ability to enjoy life and be happy.,0,feel like financial stress affecting ability enjoy life happy
I'm worried that my financial stress is affecting my children or family members.,0,worried financial stress affecting children family members
I'm constantly feeling like I'm not doing enough to improve my financial situation.,0,constantly feeling like enough improve financial situation
I'm struggling to find a way to stay motivated and disciplined with my finances.,0,struggling find stay motivated disciplined finances
I feel like I'm always making sacrifices in my career or personal life due to financial stress.,0,feel like always making sacrifices career personal life financial stress
I'm worried that my financial stress is affecting my ability to make rational decisions.,0,worried financial stress affecting ability make rational decisions
I'm constantly feeling like I'm stuck in a financial trap and can't seem to get out.,0,constantly feeling like stuck financial trap seem
I'm struggling to find a way to balance my financial responsibilities with my personal happiness.,0,struggling find balance financial responsibilities personal happiness
I feel like I'm always living in a state of financial uncertainty and insecurity.,0,feel like always living state financial uncertainty insecurity
"I'm constantly feeling tired and fatigued, no matter how much sleep I get.",1,constantly feeling tired fatigued matter much sleep
I'm struggling to fall asleep or stay asleep throughout the night.,1,struggling fall asleep stay asleep throughout night
I feel like I'm always waking up too early and can't get back to sleep.,1,feel like always waking early back sleep
I'm worried that my lack of sleep is affecting my physical and mental health.,1,worried lack sleep affecting physical mental health
I'm constantly feeling irritable and moody because of my sleep deprivation.,1,constantly feeling irritable moody sleep deprivation
I'm afraid of the potential for accidents or mistakes due to my lack of sleep.,1,afraid potential accidents mistakes lack sleep
I'm struggling to find a way to break the cycle of sleep deprivation and exhaustion.,1,struggling find break cycle sleep deprivation exhaustion
I feel like I'm always playing catch-up during the day because of my lack of sleep.,1,feel like always playing catch lack sleep
I'm worried that my sleep deprivation is affecting my cognitive abilities and memory.,1,worried sleep deprivation affecting cognitive abilities memory
I'm constantly relying on caffeine or other stimulants to stay awake during the day.,1,constantly relying caffeine stimulants stay awake
"I'm struggling to manage my stress and anxiety, which is affecting my ability to sleep.",1,struggling manage stress anxiety affecting ability sleep
I feel like my lack of sleep is affecting my relationships and personal life.,1,feel like lack sleep affecting relationships personal life
I'm afraid of the long-term effects of my sleep deprivation.,1,afraid long term effects sleep deprivation
"I'm constantly worried about getting enough sleep, which is causing me even more stress.",1,constantly worried getting enough sleep causing even stress
I'm struggling to find a sleep routine that works for me and my schedule.,1,struggling find sleep routine works schedule
I feel like I'm always in a mental fog because of my lack of sleep.,1,feel like always mental lack sleep
I'm worried that my sleep deprivation is affecting my work performance and career.,1,worried sleep deprivation affecting work performance career
I'm constantly feeling like I'm not at my best because of my lack of sleep.,1,constantly feeling like best lack sleep
I'm struggling to cope with the physical and emotional effects of sleep deprivation.,1,struggling cope physical emotional effects sleep deprivation
I feel like my lack of sleep is affecting my overall quality of life.,1,feel like lack sleep affecting overall quality life
I'm afraid of the potential for serious health problems due to my lack of sleep.,1,afraid potential serious health problems lack sleep
I'm constantly feeling like I'm in a constant state of exhaustion.,1,constantly feeling like constant state exhaustion
I'm worried that my sleep deprivation is affecting my immune system and making me more susceptible to illness.,1,worried sleep deprivation affecting immune system making susceptible illness
I'm struggling to find a way to prioritize my sleep and make it a priority.,1,struggling find prioritize sleep make priority
I feel like I'm always running on empty because of my lack of sleep.,1,feel like always running empty lack sleep
I'm constantly feeling like I'm not getting enough rest and recuperation.,1,constantly feeling like getting enough rest recuperation
I'm worried that my sleep deprivation is affecting my mental health and causing me to feel anxious or depressed.,1,worried sleep deprivation affecting mental health causing feel anxious depressed
I'm struggling to find a way to relax and unwind before bed.,1,struggling find relax unwind
"I feel like I'm always tossing and turning, and I can't get comfortable in bed.",1,feel like always tossing turning comfortable
I'm afraid of the potential for accidents or mistakes due to my lack of sleep.,1,afraid potential accidents mistakes lack sleep
I'm constantly worried about the impact of my sleep deprivation on my loved ones.,1,constantly worried impact sleep deprivation loved ones
I'm struggling to find a way to overcome my insomnia and get a good night's sleep.,1,struggling find overcome insomnia good night sleep
"I feel like I'm always in a rush, and I can't seem to slow down and rest.",1,feel like always rush seem slow rest
I'm worried that my sleep deprivation is affecting my ability to learn and retain information.,1,worried sleep deprivation affecting ability learn retain information
I'm constantly feeling like I'm not at my best because of my lack of sleep.,1,constantly feeling like best lack sleep
I'm struggling to find a way to balance my work and personal life with getting enough sleep.,1,struggling find balance work personal life getting enough sleep
"I feel like I'm always falling asleep during the day, no matter what I do.",1,feel like always falling asleep matter
I'm afraid of the potential for serious health problems due to my chronic sleep deprivation.,1,afraid potential serious health problems chronic sleep deprivation
I'm constantly feeling like I'm not in control of my sleep patterns or routine.,1,constantly feeling like control sleep patterns routine
I'm worried that my sleep deprivation is affecting my ability to make good decisions.,1,worried sleep deprivation affecting ability make good decisions
I'm struggling to find a way to relax and calm my mind before bed.,1,struggling find relax calm mind
"I feel like I'm always on edge, and I can't seem to relax and unwind.",1,feel like always edge seem relax unwind
I'm afraid of the potential for long-term damage to my health due to my lack of sleep.,1,afraid potential long term damage health lack sleep
I'm constantly feeling like I'm not getting enough rest and recovery.,1,constantly feeling like getting enough rest recovery
I'm struggling to find a way to prioritize my sleep without sacrificing other important tasks and responsibilities.,1,struggling find prioritize sleep without sacrificing important tasks responsibilities
"I feel like I'm always in a state of exhaustion, and I can't seem to shake it.",1,feel like always state exhaustion seem shake
I'm worried that my sleep deprivation is affecting my emotional stability and making me more prone to mood swings.,1,worried sleep deprivation affecting emotional stability making prone mood swings
I'm constantly feeling like I'm not able to perform at my best because of my lack of sleep.,1,constantly feeling like able perform best lack sleep
I'm struggling to find a way to stay focused and productive despite my sleep deprivation.,1,struggling find stay focused productive despite sleep deprivation
"I feel like I'm always running on fumes,",1,feel like always running fumes
I'm constantly feeling like I'm behind on my tasks and responsibilities.,2,constantly feeling like behind tasks responsibilities
I'm struggling to manage my time effectively and get everything done on my to-do list.,2,struggling manage time effectively everything done list
I feel like I'm always playing catch-up and can't seem to get ahead.,2,feel like always playing catch seem ahead
I'm worried that I'll never be able to complete everything on my to-do list.,2,worried never able complete everything list
I'm constantly feeling overwhelmed by the number of tasks I have to do.,2,constantly feeling overwhelmed number tasks
I'm afraid of disappointing others or letting them down because I can't complete my tasks.,2,afraid disappointing others letting complete tasks
I'm struggling to find a way to prioritize my tasks and responsibilities effectively.,2,struggling find prioritize tasks responsibilities effectively
I feel like I'm always rushing and can't seem to slow down and focus on my tasks.,2,feel like always rushing seem slow focus tasks
I'm worried that my incomplete to-do list is affecting my mental health and causing me stress.,2,worried incomplete list affecting mental health causing stress
I'm constantly feeling like I'm not doing enough or accomplishing enough.,2,constantly feeling like enough accomplishing enough
I'm struggling to find a way to balance my work and personal life with my to-do list.,2,struggling find balance work personal life list
I feel like I'm always forgetting important tasks or responsibilities.,2,feel like always forgetting important tasks responsibilities
I'm afraid of the potential for negative consequences if I don't complete my to-do list.,2,afraid potential negative consequences complete list
I'm constantly feeling like I'm not in control of my schedule or workload.,2,constantly feeling like control schedule workload
I'm worried that my incomplete to-do list is affecting my ability to be productive.,2,worried incomplete list affecting ability productive
I'm struggling to find a way to stay motivated and focused on my tasks.,2,struggling find stay motivated focused tasks
I feel like I'm always procrastinating or putting off important tasks.,2,feel like always procrastinating putting important tasks
I'm afraid of the potential for conflicts or missed deadlines if I don't complete my to-do list.,2,afraid potential conflicts missed deadlines complete list
I'm constantly feeling like I'm not able to meet my own expectations or those of others.,2,constantly feeling like able meet expectations others
I'm struggling to find a way to break the cycle of incomplete tasks and responsibilities.,2,struggling find break cycle incomplete tasks responsibilities
I feel like I'm always making excuses or blaming others for my incomplete to-do list.,2,feel like always making excuses blaming others incomplete list
I'm worried that my incomplete to-do list is affecting my relationships with others.,2,worried incomplete list affecting relationships others
I'm constantly feeling like I'm not living up to my own potential.,2,constantly feeling like living potential
I'm struggling to find a way to stay organized and keep track of my tasks.,2,struggling find stay organized keep track tasks
"I feel like I'm always rushing from one task to another, and I can't seem to slow down.",2,feel like always rushing task another seem slow
I'm afraid of the potential for burnout or exhaustion if I don't complete my to-do list.,2,afraid potential burnout exhaustion complete list
I'm constantly feeling like I'm not able to enjoy my free time because of my incomplete tasks.,2,constantly feeling like able enjoy free time incomplete tasks
I'm worried that my incomplete to-do list is affecting my ability to make good decisions.,2,worried incomplete list affecting ability make good decisions
I'm struggling to find a way to stay focused and avoid distractions while completing my tasks.,2,struggling find stay focused avoid distractions completing tasks
I feel like I'm always multitasking and can't seem to focus on one task at a time.,2,feel like always multitasking seem focus task time
I'm afraid of the potential for negative consequences in my personal or professional life if I don't complete my to-do list.,2,afraid potential negative consequences personal professional life complete list
I'm constantly feeling like I'm not able to meet my own standards or goals.,2,constantly feeling like able meet standards goals
I'm worried that my incomplete to-do list is affecting my ability to be creative or innovative.,2,worried incomplete list affecting ability creative innovative
I'm struggling to find a way to stay motivated and avoid procrastination.,2,struggling find stay motivated avoid procrastination
I feel like I'm always rushing and can't seem to slow down and enjoy the moment.,2,feel like always rushing seem slow enjoy moment
I'm afraid of the potential for missed opportunities or experiences if I don't complete my to-do list.,2,afraid potential missed opportunities experiences complete list
I'm constantly feeling like I'm not able to keep up with my peers or competitors.,2,constantly feeling like able keep peers competitors
I'm worried that my incomplete to-do list is affecting my ability to be a good parent or partner.,2,worried incomplete list affecting ability good parent partner
I'm struggling to find a way to prioritize my own self-care and well-being alongside my to-do list.,2,struggling find prioritize self care well alongside list
I feel like I'm always making sacrifices and compromises in order to complete my tasks.,2,feel like always making sacrifices compromises order complete tasks
I'm afraid of the potential for negative feedback or criticism if I don't complete my to-do list.,2,afraid potential negative feedback criticism complete list
I'm constantly feeling like I'm not able to achieve my full potential because of my incomplete tasks.,2,constantly feeling like able achieve full potential incomplete tasks
I'm worried that my incomplete to-do list is affecting my ability to be a good employee or teammate.,2,worried incomplete list affecting ability good employee teammate
I'm struggling to find a way to balance my immediate tasks with my long-term goals and aspirations.,2,struggling find balance immediate tasks long term goals aspirations
"I feel like I'm always in a rush, and I can't seem to slow down and enjoy the moment.",2,feel like always rush seem slow enjoy moment
I'm afraid of the potential for missed opportunities or promotions if I don't complete my to-do list.,2,afraid potential missed opportunities promotions complete list
I'm constantly feeling like I'm not able to do my work on time.,2,constantly feeling like able work time
My incomplete to-do list is causing me so much stress.,2,incomplete list causing much stress
I feel like I'm drowning in all the tasks I haven't completed.,2,feel like drowning tasks completed
I don't know how I'm going to get everything done on my to-do list.,2,know going everything done list
I'm feeling so stressed because I haven't accomplished anything today.,3,feeling stressed accomplished anything today
I don't even know where to start because I haven't achieved anything in so long.,3,even know start achieved anything long
I feel like I'm stuck in a rut and can't seem to make any progress.,3,feel like stuck seem make progress
I'm worried that I'll never be able to achieve my goals because I haven't accomplished much so far.,3,worried never able achieve goals accomplished much
I'm constantly feeling like I'm not living up to my own expectations or those of others.,3,constantly feeling like living expectations others
I'm struggling to find a way to motivate myself and make progress towards my goals.,3,struggling find motivate make progress towards goals
I feel like I'm wasting my time and not making any meaningful contributions.,3,feel like wasting time making meaningful contributions
I'm afraid of disappointing others or letting them down because I haven't achieved anything significant.,3,afraid disappointing others letting achieved anything significant
I'm constantly feeling like I'm not doing enough or making enough progress.,3,constantly feeling like enough making enough progress
I'm worried that my lack of achievement is affecting my mental health and causing me stress.,3,worried lack achievement affecting mental health causing stress
I'm struggling to find a way to break out of my current situation and make progress towards my goals.,3,struggling find break current situation make progress towards goals
I feel like I'm always making excuses or blaming others for my lack of achievement.,3,feel like always making excuses blaming others lack achievement
I'm afraid of the potential for negative consequences if I don't start achieving more.,3,afraid potential negative consequences start achieving
I'm constantly feeling like I'm not able to reach my full potential.,3,constantly feeling like able reach full potential
I'm worried that my lack of achievement is affecting my ability to be productive and successful.,3,worried lack achievement affecting ability productive successful
I'm struggling to find a way to stay motivated and focused on my goals.,3,struggling find stay motivated focused goals
I feel like I'm always procrastinating or putting off important tasks.,3,feel like always procrastinating putting important tasks
I'm afraid of the potential for missed opportunities or experiences if I don't start achieving more.,3,afraid potential missed opportunities experiences start achieving
I'm constantly feeling like I'm not able to keep up with my peers or competitors.,3,constantly feeling like able keep peers competitors
I'm worried that my lack of achievement is affecting my ability to be a good employee or teammate.,3,worried lack achievement affecting ability good employee teammate
I'm struggling to find a way to balance my short-term and long-term goals.,3,struggling find balance short term long term goals
I feel like I'm always second-guessing my decisions and actions because of my lack of achievement.,3,feel like always second guessing decisions actions lack achievement
I'm afraid of the potential for negative feedback or criticism if I don't start achieving more.,3,afraid potential negative feedback criticism start achieving
I'm constantly feeling like I'm not able to enjoy my free time because of my lack of achievement.,3,constantly feeling like able enjoy free time lack achievement
I'm worried that my lack of achievement is affecting my relationships with others.,3,worried lack achievement affecting relationships others
I'm struggling to find a way to prioritize my tasks and responsibilities effectively.,3,struggling find prioritize tasks responsibilities effectively
I feel like I'm always rushing and can't seem to slow down and focus on my goals.,3,feel like always rushing seem slow focus goals
I'm afraid of the potential for burnout or exhaustion if I don't start achieving more.,3,afraid potential burnout exhaustion start achieving
I'm constantly feeling like I'm not able to meet my own standards or goals.,3,constantly feeling like able meet standards goals
I'm worried that my lack of achievement is affecting my ability to be creative or innovative.,3,worried lack achievement affecting ability creative innovative
I'm struggling to find a way to stay motivated and avoid procrastination.,3,struggling find stay motivated avoid procrastination
I feel like I'm always making sacrifices and compromises in order to achieve my goals.,3,feel like always making sacrifices compromises order achieve goals
I'm afraid of the potential for missed opportunities or growth if I don't start achieving more.,3,afraid potential missed opportunities growth start achieving
I'm constantly feeling like I'm not able to maintain a healthy work-life balance because of my lack of achievement.,3,constantly feeling like able maintain healthy work life balance lack achievement
I'm worried that my lack of achievement is affecting my ability to learn and grow.,3,worried lack achievement affecting ability learn grow
I'm struggling to find a way to manage my stress and anxiety related to my lack of achievement.,3,struggling find manage stress anxiety related lack achievement
"I feel like I'm always feeling guilty or ashamed of my lack of achievement, even when I know I'm doing my best.",3,feel like always feeling guilty ashamed lack achievement even know best
I'm afraid of the potential for missed deadlines or opportunities if I don't start achieving more.,3,afraid potential missed deadlines opportunities start achieving
I'm constantly feeling like I'm not able to fully enjoy my successes or accomplishments because of my lack of achievement.,3,constantly feeling like able fully enjoy successes accomplishments lack achievement
I'm worried that my lack of achievement is affecting my overall sense of purpose and direction.,3,worried lack achievement affecting overall sense purpose direction
I'm struggling to find a way to stay accountable and motivated to achieve my goals.,3,struggling find stay accountable motivated achieve goals
"I feel like I'm always starting new projects or goals before completing old ones, leading to a never-ending cycle of incomplete achievements.",3,feel like always starting projects goals completing ones leading never ending cycle incomplete achievements
I'm afraid of the potential for negative consequences for myself or others if I don't start achieving more.,3,afraid potential negative consequences others start achieving
I'm constantly feeling like I'm not able to stay organized and on top of my tasks and responsibilities.,3,constantly feeling like able stay organized tasks responsibilities
I'm worried that my lack of achievement is affecting my ability to be a good friend or family member.,3,worried lack achievement affecting ability good friend family member
I'm struggling to find a way to stay focused and avoid getting distracted by other tasks or responsibilities.,3,struggling find stay focused avoid getting distracted tasks responsibilities
I'm feeling so overwhelmed because I haven't achieved anything lately.,3,feeling overwhelmed achieved anything lately
I don't know how to break out of this cycle of not achieving anything.,3,know break cycle achieving anything
I feel like I'm stuck and can't seem to make any progress towards my goals.,3,feel like stuck seem make progress towards goals
I'm worried that my lack of achievement is affecting my self-esteem and confidence.,3,worried lack achievement affecting self esteem confidence
I'm feeling so stressed because I haven't been socializing much lately.,4,feeling stressed socializing much lately
I don't know how to balance my need for alone time with my desire for social connection.,4,know balance need alone time desire social connection
"I feel like I'm missing out on social opportunities, but I don't have the energy to engage.",4,feel like missing social opportunities energy engage
I'm worried that my lack of socializing is affecting my mental health and causing me stress.,4,worried lack socializing affecting mental health causing stress
I'm constantly feeling like I'm not meeting others' expectations of how much I should socialize.,4,constantly feeling like meeting others expectations much socialize
I'm struggling to find a way to prioritize my need for alone time while still maintaining social connections.,4,struggling find prioritize need alone time still maintaining social connections
I feel like I'm not able to express myself fully in social situations because I'm always holding back.,4,feel like able express fully social situations always holding back
I'm afraid of missing out on opportunities or experiences because I'm not socializing enough.,4,afraid missing opportunities experiences socializing enough
I'm constantly feeling like I'm not doing enough to maintain my relationships with others.,4,constantly feeling like enough maintain relationships others
I'm worried that my lack of socializing is affecting my ability to be successful professionally.,4,worried lack socializing affecting ability successful professionally
I'm struggling to find a way to balance my introverted nature with the demands of social situations.,4,struggling find balance introverted nature demands social situations
I feel like I'm always making excuses to avoid social situations.,4,feel like always making excuses avoid social situations
I'm afraid of the potential for negative consequences in my personal or professional life if I don't socialize more.,4,afraid potential negative consequences personal professional life socialize
I'm constantly feeling like I'm not able to enjoy social situations because of my introverted nature.,4,constantly feeling like able enjoy social situations introverted nature
I'm worried that my lack of socializing is affecting my ability to make meaningful connections with others.,4,worried lack socializing affecting ability make meaningful connections others
I'm struggling to find a way to stay connected with others without feeling overwhelmed.,4,struggling find stay connected others without feeling overwhelmed
"I feel like I'm always avoiding social situations, even when I know they could be beneficial for me.",4,feel like always avoiding social situations even know could beneficial
I'm afraid of the potential for missed opportunities or growth if I don't socialize more.,4,afraid potential missed opportunities growth socialize
I'm constantly feeling like I'm not able to be my true self in social situations.,4,constantly feeling like able true self social situations
I'm worried that my lack of socializing is affecting my ability to be a good friend or family member.,4,worried lack socializing affecting ability good friend family member
I'm struggling to find a way to balance my need for alone time with my desire for social connection.,4,struggling find balance need alone time desire social connection
I feel like I'm not able to fully express my thoughts and feelings in social situations.,4,feel like able fully express thoughts feelings social situations
I'm afraid of the potential for negative feedback or criticism if I don't socialize more.,4,afraid potential negative feedback criticism socialize
I'm constantly feeling like I'm not able to be fully present in social situations because of my introverted nature.,4,constantly feeling like able fully present social situations introverted nature
I'm worried that my lack of socializing is affecting my ability to be successful romantically.,4,worried lack socializing affecting ability successful romantically
I'm struggling to find a way to socialize without feeling drained or overwhelmed.,4,struggling find socialize without feeling drained overwhelmed
I feel like I'm always being judged or evaluated in social situations.,4,feel like always judged evaluated social situations
I'm afraid of the potential for social isolation or loneliness if I don't socialize more.,4,afraid potential social isolation loneliness socialize
I'm constantly feeling like I'm not able to connect with others on a deep level because of my introverted nature.,4,constantly feeling like able connect others deep level introverted nature
I'm worried that my lack of socializing is affecting my ability to be a good colleague or team member.,4,worried lack socializing affecting ability good colleague team member
I'm struggling to find a way to balance my need for alone time with my desire for social connection.,4,struggling find balance need alone time desire social connection
I feel like I'm always being asked to participate in social activities that don't align with my interests.,4,feel like always asked participate social activities align interests
I'm afraid of the potential for missed opportunities for personal growth and development if I don't socialize more.,4,afraid potential missed opportunities personal growth development socialize
I'm constantly feeling like I'm not able to be myself in social situations because of my introverted nature.,4,constantly feeling like able social situations introverted nature
I'm worried that my lack of socializing is affecting my ability to be successful in my career.,4,worried lack socializing affecting ability successful career
I'm struggling to find a way to socialize without feeling like I'm compromising my values or beliefs.,4,struggling find socialize without feeling like compromising values beliefs
I feel like I'm always being forced out of my comfort zone in social situations.,4,feel like always forced comfort zone social situations
I'm afraid of the potential for negative consequences in my personal or professional life if I don't socialize more.,4,afraid potential negative consequences personal professional life socialize
I'm constantly feeling like I'm not able to fully enjoy social situations because of my introverted nature.,4,constantly feeling like able fully enjoy social situations introverted nature
I'm worried that my lack of socializing is affecting my mental health and causing me stress.,4,worried lack socializing affecting mental health causing stress
I'm struggling to find a way to stay connected with others without feeling drained or overwhelmed.,4,struggling find stay connected others without feeling drained overwhelmed
"I feel like I'm always being pressured to socialize more, even when I know it's not what's best for me.",4,feel like always pressured socialize even know best
I'm afraid of the potential for missed opportunities for personal growth and development if I don't socialize more.,4,afraid potential missed opportunities personal growth development socialize
I'm constantly feeling like I'm not able to make meaningful connections with others.,4,constantly feeling like able make meaningful connections others
I'm feeling so stressed because I haven't been socializing much lately.,4,feeling stressed socializing much lately
"I feel like I'm missing out on social opportunities, but I don't have the energy to engage.",4,feel like missing social opportunities energy engage
I'm worried that my lack of socializing is affecting my mental health and causing me stress.,4,worried lack socializing affecting mental health causing stress
I'm struggling to find a way to balance my need for alone time with my desire for social connection.,4,struggling find balance need alone time desire social connection
I'm constantly feeling like I'm not doing enough to maintain my relationships with others.,4,constantly feeling like enough maintain relationships others
I'm afraid of the potential for negative consequences in my personal or professional life if I don't socialize more.,4,afraid potential negative consequences personal professional life socialize
I'm feeling so stressed because I can't seem to stick to a healthy diet.,6,feeling stressed seem stick healthy diet
I'm struggling to find the motivation to make healthy food choices.,6,struggling find motivation make healthy food choices
I feel like I'm constantly giving in to my cravings and weaknesses.,6,feel like constantly giving cravings weaknesses
I'm worried that my unhealthy diet is affecting my physical health and well-being.,6,worried unhealthy diet affecting physical health well
I'm constantly feeling guilty about my food choices and lack of willpower.,6,constantly feeling guilty food choices lack willpower
I'm afraid of the potential for negative health consequences if I don't improve my diet.,6,afraid potential negative health consequences improve diet
I'm struggling to find a way to balance my desire for indulgent foods with my need for a healthy diet.,6,struggling find balance desire indulgent foods need healthy diet
I feel like I'm always making excuses for my unhealthy food choices.,6,feel like always making excuses unhealthy food choices
I'm worried that my poor diet is affecting my mental health and causing me stress.,6,worried poor diet affecting mental health causing stress
I'm constantly feeling like I'm not able to make progress towards my health and wellness goals because of my diet.,6,constantly feeling like able make progress towards health wellness goals diet
I'm struggling to find a way to overcome my cravings and weaknesses for unhealthy foods.,6,struggling find overcome cravings weaknesses unhealthy foods
I feel like I'm not able to enjoy food in a healthy way because of my unhealthy diet habits.,6,feel like able enjoy food healthy unhealthy diet habits
I'm afraid of the potential for negative self-image and low self-esteem as a result of my poor diet.,6,afraid potential negative self image self esteem result poor diet
I'm constantly feeling like I'm not able to maintain a healthy weight because of my diet habits.,6,constantly feeling like able maintain healthy weight diet habits
I'm worried that my poor diet is affecting my ability to be successful professionally.,6,worried poor diet affecting ability successful professionally
I'm struggling to find a way to stay motivated to make healthy food choices.,6,struggling find stay motivated make healthy food choices
"I feel like I'm always falling back into unhealthy eating habits, even when I know they're not good for me.",6,feel like always falling back unhealthy eating habits even know good
I'm afraid of the potential for negative health consequences in the future if I don't improve my diet.,6,afraid potential negative health consequences future improve diet
I'm constantly feeling like I'm not able to find healthy food options that I enjoy.,6,constantly feeling like able find healthy food options enjoy
I'm worried that my poor diet habits are affecting my relationships with others.,6,worried poor diet habits affecting relationships others
I'm struggling to find a way to balance my love for food with my need for a healthy diet.,6,struggling find balance love food need healthy diet
I feel like I'm always giving in to temptation when it comes to unhealthy foods.,6,feel like always giving temptation comes unhealthy foods
I'm afraid of the potential for missed opportunities or experiences if I don't improve my diet.,6,afraid potential missed opportunities experiences improve diet
I'm constantly feeling like I'm not able to make progress towards my fitness goals because of my diet.,6,constantly feeling like able make progress towards fitness goals diet
I'm worried that my poor diet is affecting my ability to be successful personally.,6,worried poor diet affecting ability successful personally
I'm struggling to find a way to make healthy food choices when I'm eating out or traveling.,6,struggling find make healthy food choices eating traveling
I feel like I'm not able to enjoy social situations that involve food because of my unhealthy diet habits.,6,feel like able enjoy social situations involve food unhealthy diet habits
I'm afraid of the potential for negative health consequences for my loved ones if I don't improve my diet.,6,afraid potential negative health consequences loved ones improve diet
I'm constantly feeling like I'm not able to find healthy food options that are satisfying and filling.,6,constantly feeling like able find healthy food options satisfying filling
I'm worried that my poor diet is affecting my mental clarity and focus.,6,worried poor diet affecting mental clarity focus
I'm struggling to find a way to overcome my emotional attachment to unhealthy foods.,6,struggling find overcome emotional attachment unhealthy foods
"I feel like I'm always making exceptions to my healthy diet, even when I know it's not good for me.",6,feel like always making exceptions healthy diet even know good
I'm afraid of the potential for negative consequences to my physical health if I don't improve my diet.,6,afraid potential negative consequences physical health improve diet
I'm constantly feeling like I'm not able to find healthy food options that fit with my lifestyle and schedule.,6,constantly feeling like able find healthy food options lifestyle schedule
I'm worried that my poor diet habits are affecting my ability to be successful professionally.,6,worried poor diet habits affecting ability successful professionally
I'm struggling to find a way to balance my love for cooking and baking with my need for a healthy diet.,6,struggling find balance love cooking baking need healthy diet
I feel like I'm not able to enjoy food in a guilt-free way because of my unhealthy diet habits.,6,feel like able enjoy food guilt free unhealthy diet habits
I'm afraid of the potential for negative self-talk and criticism as a result of my poor diet.,6,afraid potential negative self talk criticism result poor diet
I'm constantly feeling like I'm not able to enjoy food in a way that is both healthy and satisfying.,6,constantly feeling like able enjoy food healthy satisfying
I'm worried that my poor diet habits are affecting my relationships with my loved ones.,6,worried poor diet habits affecting relationships loved ones
I'm struggling to find a way to make healthy food choices when I'm feeling stressed or anxious.,6,struggling find make healthy food choices feeling stressed anxious
I feel like I'm always choosing convenience over health when it comes to my food choices.,6,feel like always choosing convenience health comes food choices
I'm afraid of the potential for negative consequences to my mental and emotional health if I don't improve my diet.,6,afraid potential negative consequences mental emotional health improve diet
I'm constantly feeling like I'm not able to find healthy food options that are budget-friendly.,6,constantly feeling like able find healthy food options budget friendly
I'm worried that my poor diet is affecting my ability to be successful personally.,6,worried poor diet affecting ability successful personally
I'm feeling so stressed because I can't resist my cravings for unhealthy foods.,6,feeling stressed resist cravings unhealthy foods
I'm constantly feeling guilty about my food choices and lack of willpower.,6,constantly feeling guilty food choices lack willpower
I'm worried that my unhealthy diet is affecting my physical health and well-being.,6,worried unhealthy diet affecting physical health well
I'm struggling to find a way to make healthy food choices consistently.,6,struggling find make healthy food choices consistently
I'm feeling so stressed because I'm physically and mentally weak.,7,feeling stressed physically mentally weak
I'm struggling to find the motivation to take care of my physical and mental health.,7,struggling find motivation take care physical mental health
I feel like I'm constantly tired and unable to focus on anything.,7,feel like constantly tired unable focus anything
I'm worried that my lack of energy is affecting my ability to be successful professionally.,7,worried lack energy affecting ability successful professionally
I'm constantly feeling like I'm not able to make progress towards my personal and professional goals because of my weakness.,7,constantly feeling like able make progress towards personal professional goals weakness
I'm afraid of the potential for negative health consequences if I don't improve my physical and mental health.,7,afraid potential negative health consequences improve physical mental health
I'm struggling to find a way to balance my need for rest with my desire to be productive.,7,struggling find balance need rest desire productive
I feel like I'm always falling behind in my work and responsibilities because of my weakness.,7,feel like always falling behind work responsibilities weakness
I'm worried that my physical and mental weakness is affecting my relationships with others.,7,worried physical mental weakness affecting relationships others
I'm constantly feeling guilty about not being able to do more because of my lack of energy.,7,constantly feeling guilty able lack energy
I'm struggling to find a way to improve my physical and mental health without sacrificing my other responsibilities.,7,struggling find improve physical mental health without sacrificing responsibilities
I feel like I'm constantly making excuses for my lack of energy and inability to concentrate.,7,feel like constantly making excuses lack energy inability concentrate
I'm afraid of the potential for negative consequences or harm to myself or others if I don't address my weakness.,7,afraid potential negative consequences harm others address weakness
I'm constantly feeling like I'm not able to fully enjoy my life because of my physical and mental weakness.,7,constantly feeling like able fully enjoy life physical mental weakness
I'm worried that my weakness is affecting my ability to be successful personally.,7,worried weakness affecting ability successful personally
I'm struggling to find a way to improve my physical and mental health without feeling overwhelmed.,7,struggling find improve physical mental health without feeling overwhelmed
I feel like I'm not able to fully engage in activities that I enjoy because of my weakness.,7,feel like able fully engage activities enjoy weakness
I'm afraid of the potential for missed opportunities or experiences if I don't address my physical and mental weakness.,7,afraid potential missed opportunities experiences address physical mental weakness
I'm constantly feeling like I'm not able to fully participate in my personal and professional life because of my weakness.,7,constantly feeling like able fully participate personal professional life weakness
I'm worried that my physical and mental weakness is affecting my ability to be successful romantically.,7,worried physical mental weakness affecting ability successful romantically
I'm struggling to find a way to improve my physical and mental health without feeling guilty or ashamed.,7,struggling find improve physical mental health without feeling guilty ashamed
I feel like I'm always struggling to keep up with my responsibilities and obligations because of my weakness.,7,feel like always struggling keep responsibilities obligations weakness
I'm afraid of the potential for negative feedback or criticism if I don't address my physical and mental weakness.,7,afraid potential negative feedback criticism address physical mental weakness
I'm constantly feeling like I'm not able to fully focus on tasks or projects because of my lack of concentration.,7,constantly feeling like able fully focus tasks projects lack concentration
I'm worried that my physical and mental weakness is affecting my ability to be successful academically.,7,worried physical mental weakness affecting ability successful academically
I'm struggling to find a way to improve my physical and mental health without feeling like it's a burden.,7,struggling find improve physical mental health without feeling like burden
I feel like I'm constantly forgetting things or making mistakes because of my lack of concentration.,7,feel like constantly forgetting things making mistakes lack concentration
I'm afraid of the potential for negative health consequences in the future if I don't address my physical and mental weakness.,7,afraid potential negative health consequences future address physical mental weakness
I'm constantly feeling like I'm not able to fully engage in my personal relationships because of my physical and mental weakness.,7,constantly feeling like able fully engage personal relationships physical mental weakness
I'm worried that my weakness is affecting my ability to be successful in my hobbies or interests.,7,worried weakness affecting ability successful hobbies interests
I'm struggling to find a way to improve my physical and mental health without feeling like I'm neglecting other areas of my life.,7,struggling find improve physical mental health without feeling like neglecting areas life
I feel like I'm not able to fully enjoy my personal and professional successes because of my weakness.,7,feel like able fully enjoy personal professional successes weakness
I'm afraid of the potential for negative consequences or harm to my loved ones if I don't address my physical and mental weakness.,7,afraid potential negative consequences harm loved ones address physical mental weakness
I'm constantly feeling like I'm not able to fully engage in my work or studies because of my physical and mental weakness.,7,constantly feeling like able fully engage work studies physical mental weakness
I'm worried that my weakness is affecting my ability to be successful in my personal relationships.,7,worried weakness affecting ability successful personal relationships
I'm struggling to find a way to improve my physical and mental health without feeling like I'm failing in other areas of my life.,7,struggling find improve physical mental health without feeling like failing areas life
I feel like I'm constantly struggling to keep up with the demands of my life because of my weakness.,7,feel like constantly struggling keep demands life weakness
I'm afraid of the potential for negative self-talk or criticism as a result of my physical and mental weakness.,7,afraid potential negative self talk criticism result physical mental weakness
I'm constantly feeling like I'm not able to fully enjoy my hobbies or interests because of my weakness.,7,constantly feeling like able fully enjoy hobbies interests weakness
I'm worried that my physical and mental weakness is affecting my ability to be successful in my career.,7,worried physical mental weakness affecting ability successful career
I'm struggling to find a way to improve my physical and mental health without feeling like I'm being selfish.,7,struggling find improve physical mental health without feeling like selfish
I feel like I'm not able to fully engage in my personal relationships or social life because of my weakness.,7,feel like able fully engage personal relationships social life weakness
I'm feeling so stressed because I'm physically and mentally weak and can't concentrate.,7,feeling stressed physically mentally weak concentrate
I'm struggling to find the motivation to take care of my physical and mental health.,7,struggling find motivation take care physical mental health
I feel like I'm constantly exhausted and unable to focus on anything.,7,feel like constantly exhausted unable focus anything
I'm worried that my lack of concentration is affecting my ability to be successful professionally.,7,worried lack concentration affecting ability successful professionally
I'm constantly feeling like I'm falling behind in my work and responsibilities because of my weakness.,7,constantly feeling like falling behind work responsibilities weakness
I'm afraid of the potential for negative health consequences if I don't address my physical and mental weakness.,7,afraid potential negative health consequences address physical mental weakness
I'm struggling to find a way to balance my need for rest with my need to be productive.,7,struggling find balance need rest need productive
I feel like I'm always making mistakes or forgetting things because of my lack of concentration.,7,feel like always making mistakes forgetting things lack concentration
I'm feeling so stressed because of problems in my family and relationships.,5,feeling stressed problems family relationships
I don't know how to resolve the issues that are causing me stress in my family and relationships.,5,know resolve issues causing stress family relationships
I feel like I'm not able to communicate effectively with my family and loved ones.,5,feel like able communicate effectively family loved ones
I'm worried that my family and relationships are negatively impacting my mental health.,5,worried family relationships negatively impacting mental health
I'm constantly feeling like I'm not doing enough to maintain healthy relationships with my loved ones.,5,constantly feeling like enough maintain healthy relationships loved ones
I'm struggling to find a way to balance my own needs with the needs of my family and loved ones.,5,struggling find balance needs needs family loved ones
I feel like I'm constantly walking on eggshells around my family and loved ones.,5,feel like constantly walking eggshells around family loved ones
I'm afraid of the potential for negative consequences or conflict if I don't address the issues in my family and relationships.,5,afraid potential negative consequences conflict address issues family relationships
I'm constantly feeling like I'm not able to meet others' expectations in my family and relationships.,5,constantly feeling like able meet others expectations family relationships
I'm worried that my family and relationships are affecting my ability to be successful professionally.,5,worried family relationships affecting ability successful professionally
I'm struggling to find a way to communicate my needs effectively to my family and loved ones.,5,struggling find communicate needs effectively family loved ones
I feel like I'm always putting my own needs aside in order to please others in my family and relationships.,5,feel like always putting needs aside order please others family relationships
I'm afraid of the potential for losing important relationships if I don't address the issues causing me stress.,5,afraid potential losing important relationships address issues causing stress
I'm constantly feeling like I'm not able to fully express myself in my family and relationships.,5,constantly feeling like able fully express family relationships
I'm worried that my family and relationships are affecting my ability to be successful romantically.,5,worried family relationships affecting ability successful romantically
I'm struggling to find a way to balance my own needs with the needs of my family and loved ones.,5,struggling find balance needs needs family loved ones
I feel like I'm not able to trust my family and loved ones because of past experiences.,5,feel like able trust family loved ones past experiences
I'm afraid of the potential for negative consequences or harm to myself or others if I don't address the issues in my family and relationships.,5,afraid potential negative consequences harm others address issues family relationships
I'm constantly feeling like I'm not able to be my true self around my family and loved ones.,5,constantly feeling like able true self around family loved ones
I'm worried that my family and relationships are affecting my mental health and causing me stress.,5,worried family relationships affecting mental health causing stress
I'm struggling to find a way to maintain healthy boundaries in my family and relationships.,5,struggling find maintain healthy boundaries family relationships
I feel like I'm constantly being pulled in different directions by my family and loved ones.,5,feel like constantly pulled different directions family loved ones
I'm afraid of the potential for negative feedback or criticism if I don't address the issues causing me stress.,5,afraid potential negative feedback criticism address issues causing stress
I'm constantly feeling like I'm not able to fully enjoy my relationships with my family and loved ones because of the stress they cause me.,5,constantly feeling like able fully enjoy relationships family loved ones stress cause
I'm worried that my family and relationships are affecting my ability to be successful professionally.,5,worried family relationships affecting ability successful professionally
I'm struggling to find a way to communicate effectively with my family and loved ones without causing conflict.,5,struggling find communicate effectively family loved ones without causing conflict
I feel like I'm always being judged or evaluated by my family and loved ones.,5,feel like always judged evaluated family loved ones
I'm afraid of the potential for negative consequences or harm to my family and loved ones if I don't address the issues causing me stress.,5,afraid potential negative consequences harm family loved ones address issues causing stress
I'm constantly feeling like I'm not able to maintain healthy relationships with my loved ones because of the stress they cause me.,5,constantly feeling like able maintain healthy relationships loved ones stress cause
I'm worried that my family and relationships are affecting my ability to be successful personally.,5,worried family relationships affecting ability successful personally
I'm struggling to find a way to balance my own needs with the needs of my family and loved ones.,5,struggling find balance needs needs family loved ones
I feel like I'm not able to fully trust my family and loved ones because of past experiences.,5,feel like able fully trust family loved ones past experiences
I'm afraid of the potential for missed opportunities or experiences if I don't address the issues causing me stress.,5,afraid potential missed opportunities experiences address issues causing stress
I'm constantly feeling like I'm not able to fully enjoy my relationships with my family and loved ones because of the stress they cause me.,5,constantly feeling like able fully enjoy relationships family loved ones stress cause
I'm worried that my family and relationships are affecting my ability to be a good friend or colleague.,5,worried family relationships affecting ability good friend colleague
I'm struggling to find a way to communicate effectively with my family and loved ones without causing conflict.,5,struggling find communicate effectively family loved ones without causing conflict
I feel like I'm always sacrificing my own needs for the sake of my family and loved ones.,5,feel like always sacrificing needs sake family loved ones
I'm afraid of the potential for negative consequences or harm to myself or others if I don't address the issues causing me stress.,5,afraid potential negative consequences harm others address issues causing stress
I'm constantly feeling like I'm not able to fully express my emotions or feelings in my family and relationships.,5,constantly feeling like able fully express emotions feelings family relationships
I'm worried that my family and relationships are affecting my ability to be successful romantically.,5,worried family relationships affecting ability successful romantically
I'm struggling to find a way to balance my own needs with the needs of my family and loved ones.,5,struggling find balance needs needs family loved ones
I feel like I'm not able to fully trust my family and loved ones because of past experiences.,5,feel like able fully trust family loved ones past experiences
I'm feeling so stressed because of problems in my family and relationships.,5,feeling stressed problems family relationships
I'm constantly feeling like I'm not doing enough to maintain healthy relationships with my loved ones.,5,constantly feeling like enough maintain healthy relationships loved ones
I'm worried that my family and relationships are negatively impacting my mental health.,5,worried family relationships negatively impacting mental health
I'm struggling to find a way to communicate effectively with my family and loved ones.,5,struggling find communicate effectively family loved ones
I feel like I'm always sacrificing my own needs for the sake of my family and loved ones.,5,feel like always sacrificing needs sake family loved ones
I'm afraid of the potential for negative consequences or harm to myself or others if I don't address the issues causing me stress.,5,afraid potential negative consequences harm others address issues causing stress
I'm constantly feeling like I'm not able to fully express my emotions or feelings in my family and relationships.,5,constantly feeling like able fully express emotions feelings family relationships
I'm worried that my family and relationships are affecting my ability to be successful personally and professionally.,5,worried family relationships affecting ability successful personally professionally
